{"stats":{"minecraft:killed":{"minecraft:endermite":1,"minecraft:ender_dragon":1,"minecraft:enderman":15},"minecraft:mined":{"minecraft:netherite_block":10,"minecraft:oak_slab":2,"minecraft:crafting_table":2,"minecraft:ladder":4,"minecraft:grass_block":49,"minecraft:beacon":5,"minecraft:chest":3,"minecraft:oak_planks":7,"minecraft:wall_torch":2,"minecraft:mud":1,"minecraft:birch_log":6,"minecraft:birch_leaves":23,"minecraft:diamond_block":21,"minecraft:birch_door":1,"minecraft:grass":5,"minecraft:oak_log":19,"minecraft:dirt_path":2,"minecraft:iron_bars":2,"minecraft:sand":3,"minecraft:dirt":407,"minecraft:chorus_plant":10,"minecraft:stone":1,"minecraft:oak_leaves":75},"minecraft:custom":{"minecraft:mob_kills":17,"minecraft:traded_with_villager":20,"minecraft:interact_with_crafting_table":6,"minecraft:leave_game":9,"minecraft:time_since_death":149325,"minecraft:climb_one_cm":4098,"minecraft:damage_resisted":6087,"minecraft:time_since_rest":149333,"minecraft:sprint_one_cm":28584,"minecraft:walk_one_cm":208746,"minecraft:damage_taken":2178,"minecraft:damage_absorbed":1250,"minecraft:drop":40,"minecraft:damage_dealt":5440,"minecraft:interact_with_beacon":29,"minecraft:swim_one_cm":595,"minecraft:talked_to_villager":12,"minecraft:fly_one_cm":70825,"minecraft:open_chest":77,"minecraft:crouch_one_cm":21116,"minecraft:play_time":149333,"minecraft:sneak_time":11079,"minecraft:walk_under_water_one_cm":35598,"minecraft:jump":944,"minecraft:walk_on_water_one_cm":37586,"minecraft:total_world_time":150672,"minecraft:fall_one_cm":51061},"minecraft:used":{"minecraft:birch_planks":2,"minecraft:chorus_fruit":15,"minecraft:ladder":9,"minecraft:oak_planks":11,"minecraft:ender_pearl":139,"minecraft:chest":18,"minecraft:iron_sword":28,"minecraft:beacon":10,"minecraft:dirt":237,"minecraft:diamond_block":321,"minecraft:oak_slab":2,"minecraft:crafting_table":4,"minecraft:allay_spawn_egg":2,"minecraft:birch_door":3,"minecraft:oak_log":9,"minecraft:netherite_block":10,"minecraft:ender_eye":12,"minecraft:netherite_shovel":315,"minecraft:netherite_axe":52,"minecraft:bedrock":556,"minecraft:netherite_pickaxe":38,"minecraft:end_portal_frame":12,"minecraft:air":1,"minecraft:splash_potion":4,"minecraft:enchanted_golden_apple":11,"minecraft:experience_bottle":64},"minecraft:dropped":{"minecraft:diamond_block":1,"minecraft:glass_bottle":1,"minecraft:bedrock":1655,"minecraft:debug_stick":1,"minecraft:end_rod":64,"minecraft:dirt":2,"minecraft:torch":2,"minecraft:chest":61,"minecraft:oak_sapling":3,"minecraft:mud":1,"minecraft:splash_potion":19},"minecraft:picked_up":{"minecraft:birch_log":5,"minecraft:mud":1,"minecraft:birch_door":2,"minecraft:crafting_table":2,"minecraft:splash_potion":19,"minecraft:ladder":4,"minecraft:beacon":5,"minecraft:bedrock":2103,"minecraft:oak_log":19,"minecraft:dirt":421,"minecraft:apple":1,"minecraft:chest":2,"minecraft:oak_planks":7,"minecraft:oak_slab":2,"minecraft:torch":2,"minecraft:sand":3,"minecraft:diamond_block":22,"minecraft:netherite_block":10,"minecraft:oak_sapling":3,"minecraft:chorus_fruit":128,"minecraft:iron_bars":9,"minecraft:cobblestone":1,"minecraft:ender_pearl":16},"minecraft:crafted":{"minecraft:oak_slab":6,"minecraft:oak_planks":40,"minecraft:crafting_table":3,"minecraft:gold_block":192,"minecraft:birch_planks":16,"minecraft:enchanted_golden_apple":192,"minecraft:air":0,"minecraft:diamond_block":384,"minecraft:netherite_block":64,"minecraft:ladder":6,"minecraft:beacon":64,"minecraft:stick":16,"minecraft:ender_pearl":256,"minecraft:birch_door":3,"minecraft:netherite_ingot":27,"minecraft:bedrock":128}},"DataVersion":3465}